order,path,status,original_han_floor,new_chapter_prose_han,original_readable_units,new_readable_units,section_count,minimum_section_prose_han
1,chapters/part-01/chp-dual_basis.tex,rewritten-reviewed,1849,4946,1898,4951,4,1012
2,chapters/part-01/chp-morphos_skeleton.tex,rewritten-reviewed,3200,4970,3348,4972,4,1081
3,chapters/part-01/chp-qualia_activation.tex,rewritten-reviewed,3157,4620,3229,4627,4,1039
4,chapters/part-02/chp-universe_geometry.tex,rewritten-reviewed,1901,4645,1884,4648,4,1040
5,chapters/part-02/chp-constitutive_equation.tex,rewritten-reviewed,1498,4737,1451,4745,4,1027
6,chapters/part-03/chp-physics_anatomy.tex,rewritten-reviewed,1592,4690,1414,4693,4,1060
7,chapters/part-03/chp-semantic_anatomy.tex,rewritten-reviewed,1879,4709,1853,4715,4,1087
8,chapters/part-03/chp-domain_manifolds_heterogeneity.tex,rewritten-reviewed,4526,5594,4561,5604,5,1025
9,chapters/part-03/chp-holomorphic_isomorphism.tex,rewritten-reviewed,1751,4578,1763,4589,4,1059
10,chapters/part-04/chp-mst_architecture.tex,rewritten-reviewed,1390,5977,1931,5991,5,1086
11,chapters/part-04/chp-generative_creation.tex,rewritten-reviewed,4481,5770,4948,5785,5,1021
12,chapters/part-05/chp-will_geometry.tex,rewritten-reviewed,1769,5722,1717,5751,5,1035
13,chapters/part-05/chp-paradigm_shift.tex,rewritten-reviewed,2209,6397,2179,6410,4,1424
14,chapters/part-05/chp-first_principles.tex,queued-for-full-rewrite,6266,6101,6254,6254,4,971
15,chapters/part-06/chp-quantization_reality.tex,queued-for-full-rewrite,4179,3593,3723,3723,8,31
16,chapters/part-06/chp-static_substrate.tex,queued-for-full-rewrite,3613,3288,3389,3389,6,161
17,chapters/part-06/chp-riemannian_base.tex,queued-for-full-rewrite,4667,4503,4650,4650,6,247
18,chapters/part-06/chp-microscopic_origins.tex,queued-for-full-rewrite,5191,5100,5255,5255,5,260
19,chapters/part-06/chp-value_gauge_field.tex,queued-for-full-rewrite,2408,2304,2352,2352,4,304
20,chapters/part-06/chp-holistic_state.tex,queued-for-full-rewrite,5153,4740,4902,4902,7,358
21,chapters/part-06/chp-cognitive_dynamics.tex,queued-for-full-rewrite,1640,1576,1635,1635,4,262
22,chapters/part-06/chap-dual_asymmetry.tex,queued-for-full-rewrite,1447,1158,1178,1178,4,77
23,chapters/part-06/sec-cognitive_kaluza_klein_compactification.tex,queued-for-full-rewrite,5322,5175,5381,5381,9,281
24,chapters/part-07/chp-microscopic_layer_ch.tex,queued-for-full-rewrite,8305,8109,8412,8412,8,555
25,chapters/part-07/chp-medium_layer_ch.tex,queued-for-full-rewrite,8712,8543,8869,8869,9,216
26,chapters/part-07/chap-material_science_of_cognitive_matter.tex,queued-for-full-rewrite,2017,1855,1960,1960,3,364
27,chapters/part-07/chp-physics_of_gauge_source.tex,queued-for-full-rewrite,3944,3483,3654,3654,6,77
28,chapters/part-07/chp-macroscopic_layer_ch.tex,queued-for-full-rewrite,8398,8014,8342,8342,5,537
29,chapters/part-07/chp-macro_stability_ig.tex,queued-for-full-rewrite,8583,8112,7853,8363,10,261
30,chapters/part-08/chp-evolution_equation_ch.tex,queued-for-full-rewrite,8243,7669,7308,7863,8,224
31,chapters/part-08/chp-geometry_physics_interaction.tex,queued-for-full-rewrite,2031,1927,1970,1970,4,76
32,chapters/part-08/chp-dynamics_kernel_ch.tex,queued-for-full-rewrite,7367,7015,7305,7305,7,614
33,chapters/part-08/chp-many_body_cognitive_field.tex,queued-for-full-rewrite,5131,4768,4889,4889,5,556
34,chapters/part-08/chp-info_geometry_dynamics.tex,queued-for-full-rewrite,2909,2836,2920,2920,4,229
35,chapters/part-08/chp-rheological_ch.tex,queued-for-full-rewrite,5355,5256,5467,5467,5,860
36,chapters/part-08/chp-cognitive_coherence_dynamics.tex,queued-for-full-rewrite,3059,2946,3046,3046,4,363
37,chapters/part-08/chp-control_meta_physics.tex,queued-for-full-rewrite,12668,12361,12840,12840,12,326
38,chapters/part-08/chp-meaning_turbulence.tex,queued-for-full-rewrite,14495,14154,14532,14532,15,418
39,chapters/part-08/chp-interaction_bus_ch1.tex,queued-for-full-rewrite,2746,2679,2777,2777,4,374
40,chapters/part-08/chp-interaction_bus_ch.tex,queued-for-full-rewrite,4090,3980,4163,4163,4,448
41,chapters/part-08/chp-lemniscate_ch.tex,queued-for-full-rewrite,5215,5069,5271,5271,9,204
42,chapters/part-08/chp-macro_latent_space_topology.tex,queued-for-full-rewrite,4716,4548,4668,4668,7,379
43,chapters/part-08/chp-topological_grand_unification_of_self_reference.tex,queued-for-full-rewrite,9737,9418,9667,9667,6,778
44,chapters/part-08/chp-collective_renorm_ch.tex,queued-for-full-rewrite,10355,9976,10346,10346,8,1084
45,chapters/part-08/chp-physics_of_cybernetics.tex,queued-for-full-rewrite,4769,4633,4765,4765,5,507
46,chapters/part-08/chp-phase_transition_meta.tex,queued-for-full-rewrite,8319,8224,8487,8487,5,1141
47,chapters/part-08/chp-cognitive_complementarity.tex,queued-for-full-rewrite,2149,1963,2025,2025,6,145
48,chapters/part-08/chap-cognitive_electrodynamics.tex,queued-for-full-rewrite,1975,1881,1926,1926,4,200
49,chapters/part-08/chap-path_integration_asymmetry.tex,queued-for-full-rewrite,1544,1406,1458,1458,4,148
50,chapters/part-08/chp-cognitive_mechanics.tex,queued-for-full-rewrite,1328,1250,1291,1291,4,121
51,chapters/part-08/chp-analytical_solution_bernoulli.tex,queued-for-full-rewrite,6989,6819,7069,7069,7,347
52,chapters/part-08/chp-cognitive_elliptic_resonator.tex,queued-for-full-rewrite,5802,5609,5775,5775,8,331
53,chapters/part-08/chp-physics_of_conservation_and_dissipation.tex,queued-for-full-rewrite,7399,7258,7485,7485,4,1183
54,chapters/part-08/chp-manifold_genesis_trinity_evolution.tex,queued-for-full-rewrite,7519,7350,7677,7677,6,906
55,chapters/part-08/chp-dynamical_reconstruction.tex,queued-for-full-rewrite,7346,6206,8070,8070,9,283
56,chapters/part-08/chp-life_manifold_dynamics.tex,queued-for-full-rewrite,7223,6718,6935,6935,9,107
57,chapters/part-08/chp-intelligence_lifecycle.tex,queued-for-full-rewrite,6476,6359,6571,6571,7,492
58,chapters/part-09/chp-purpose_geometric_origin.tex,queued-for-full-rewrite,3327,3237,3328,3328,5,521
59,chapters/part-09/chp-self_holomorphic.tex,queued-for-full-rewrite,4108,3975,4108,4108,7,256
60,chapters/part-09/chp-fluid_self.tex,queued-for-full-rewrite,1261,1183,1222,1222,5,100
61,chapters/part-09/chp-holomorphic_isomorphism_ch.tex,queued-for-full-rewrite,2035,1639,1691,1691,6,36
62,chapters/part-09/chp-experience_geometry.tex,queued-for-full-rewrite,2480,2378,2452,2452,7,137
63,chapters/part-09/chp-system_synergy.tex,queued-for-full-rewrite,1523,1455,1509,1509,4,201
64,chapters/part-09/chp-long_term_planning_and_goal_revision.tex,queued-for-full-rewrite,2430,2022,2091,2091,4,199
65,chapters/part-09/chp-phenomenological_physics.tex,queued-for-full-rewrite,19877,19686,19787,20380,14,323
66,chapters/part-09/chp-pathology_did.tex,queued-for-full-rewrite,2266,2192,2274,2274,4,224
67,chapters/part-09/chap-physics_of_dreams.tex,queued-for-full-rewrite,3099,2882,2952,2952,6,195
68,chapters/part-09/chap-geometry_of_oblivion.tex,queued-for-full-rewrite,2841,2712,2790,2790,6,275
69,chapters/part-09/chap-geometry_of_oblivion1.tex,queued-for-full-rewrite,4293,4170,4313,4313,6,320
70,chapters/part-09/chp-duality_potentiality_actuality.tex,queued-for-full-rewrite,3905,3715,3816,3816,5,493
71,chapters/part-09/chp-vacuum_physics.tex,queued-for-full-rewrite,4546,4457,4632,4632,4,968
72,chapters/part-09/chp-atmosphere_geometric_dynamics.tex,queued-for-full-rewrite,4618,4502,4637,4637,4,890
73,chapters/part-09/chp-organizational_geometric_dynamics.tex,queued-for-full-rewrite,8933,8770,9018,9018,8,673
74,chapters/part-10/chp-evolutionary_taxonomy.tex,queued-for-full-rewrite,1150,1038,1098,1098,2,54
75,chapters/part-10/chp-empirical_geometric_dynamics.tex,queued-for-full-rewrite,5977,5838,6040,6040,5,355
76,chapters/part-10/chp-biological_intelligence.tex,queued-for-full-rewrite,30769,29846,30875,30875,14,970
77,chapters/part-10/chp-collective_intelligence.tex,queued-for-full-rewrite,2809,2711,2799,2799,5,319
78,chapters/part-10/chp-social_artificial_intelligence.tex,queued-for-full-rewrite,21011,20408,21452,21452,5,817
79,chapters/part-10/chap-double_descent.tex,queued-for-full-rewrite,1863,1684,1746,1746,3,255
80,chapters/part-10/chp-topology_of_attention_sink.tex,queued-for-full-rewrite,2825,2695,2870,2870,8,228
81,chapters/part-10/chp-geometric_thermodynamics_of_scale.tex,queued-for-full-rewrite,4730,4321,4489,4489,7,265
82,chapters/part-10/chp-civilization_scaling_law.tex,queued-for-full-rewrite,6372,6230,6442,6442,6,486
83,chapters/part-10/chp-training_paradigm_original_sin.tex,queued-for-full-rewrite,2605,2506,2616,2616,4,310
84,chapters/part-10/chp-diffusion_thermodynamics.tex,queued-for-full-rewrite,3800,3672,3808,3808,5,502
85,chapters/part-10/chp-embodied_intelligence_anatomy.tex,queued-for-full-rewrite,3703,3605,3819,3819,6,421
86,chapters/part-10/chp-degeneration_limit_weather_system.tex,queued-for-full-rewrite,2287,2205,2251,2251,4,433
87,chapters/part-10/chp-geometry_of_emergence.tex,queued-for-full-rewrite,7145,6087,6232,6232,7,442
88,chapters/part-10/chp-structural_isomorphism_principle.tex,queued-for-full-rewrite,2317,1742,1789,1789,5,118
89,chapters/part-11/chp-evolutionary_spectrum.tex,queued-for-full-rewrite,1473,1426,1485,1485,4,203
90,chapters/part-11/chp-cognitive_heat_engine_metrics.tex,queued-for-full-rewrite,1810,1474,1511,1511,4,143
91,chapters/part-11/chp-pathological_diagnosis.tex,queued-for-full-rewrite,1608,1401,1471,1471,5,0
92,chapters/part-11/chp-engineering_implementation.tex,queued-for-full-rewrite,4285,3229,5294,5294,7,193
93,chapters/part-11/chp-medium_layer_ch_1.tex,queued-for-full-rewrite,2478,2382,2559,2559,5,207
94,chapters/part-11/chap-geometric_computing_engines.tex,queued-for-full-rewrite,4160,3831,4065,4065,5,157
95,chapters/part-11/chp-reverse_cartesian_revolution.tex,queued-for-full-rewrite,9588,8747,9146,9146,9,401
96,chapters/part-11/chp-alpha_hsf_architecture.tex,queued-for-full-rewrite,5657,5350,5861,5861,6,584
97,chapters/part-11/chap-software_control_msos.tex,queued-for-full-rewrite,9909,10096,10464,11132,8,503
98,chapters/part-11/chap-agi_cultivation.tex,queued-for-full-rewrite,13940,13614,14244,14244,10,707
99,chapters/part-11/chp-synthetic_affective_engineering.tex,queued-for-full-rewrite,2119,1631,1903,1903,5,30
100,chapters/part-11/chp-hierarchical_control_engineering.tex,queued-for-full-rewrite,7204,6663,6908,6908,7,344
101,chapters/part-11/chp-cloud_edge_synergy.tex,queued-for-full-rewrite,1521,1443,1483,1483,4,149
102,chapters/part-11/chp-interconnection_engineering.tex,queued-for-full-rewrite,2708,2473,2834,2834,6,17
103,chapters/part-11/chp-gaia_engineering_the_machine.tex,queued-for-full-rewrite,3470,3351,3488,3488,6,392
104,chapters/part-11/chp-fluid_swarm_engineering.tex,queued-for-full-rewrite,7033,5825,6741,6741,8,350
105,chapters/part-11/chp-hive_evolution_engineering.tex,queued-for-full-rewrite,1631,1558,1632,1632,4,186
106,chapters/part-11/sec-isomorphism_map.tex,queued-for-full-rewrite,2806,2488,2559,2559,4,36
107,chapters/part-11/chp-topological_biogenesis.tex,queued-for-full-rewrite,5725,5637,5862,5862,5,543
108,chapters/part-11/chapter-108.tex,queued-for-full-rewrite,1285,1241,1296,1296,3,241
109,chapters/part-11/chp-conclusion.tex,queued-for-full-rewrite,15644,14784,15197,15197,9,371
110,appendices/sec-section_4647.tex,queued-for-full-rewrite,431,418,456,456,0,0
111,appendices/chp-cpd_standard_model.tex,queued-for-full-rewrite,3527,3285,3431,3431,7,140
112,appendices/chp-fluid_moe_math_blueprint.tex,queued-for-full-rewrite,1325,1194,1256,1256,5,158
113,appendices/app-adiabatic_backprop.tex,queued-for-full-rewrite,3713,2711,4404,4404,5,106
114,appendices/sec-section_8308.tex,queued-for-full-rewrite,442,38,39,39,0,0
115,appendices/sec-section_7739.tex,queued-for-full-rewrite,685,517,530,530,0,0
116,appendices/sec-section_9411.tex,queued-for-full-rewrite,1015,1009,1306,1306,0,0
117,appendices/sec-section_5204.tex,queued-for-full-rewrite,2628,2792,2432,2901,2,469
